[{"id":3241,"field_id":3,"fields":[{"id":"0","type":"name","label":"Your Name","format":"simple","description":"","required":"1","size":"large","simple_placeholder":"Your Name*","simple_default":"","first_placeholder":"","first_default":"","middle_placeholder":"","middle_default":"","last_placeholder":"","last_default":"","label_hide":"1","css":""},{"id":"1","type":"email","label":"Your Email","description":"","required":"1","size":"large","placeholder":"Your Email*","confirmation_placeholder":"","label_hide":"1","default_value":"","css":""},{"id":"2","type":"textarea","label":"Your Message","description":"","required":"1","size":"medium","placeholder":"Your Message","label_hide":"1","css":""}],"settings":{"form_title":"Simple Contact Form","form_desc":"","form_class":"","submit_text":"Send Message","submit_text_processing":"Sending...","submit_class":"","honeypot":"1","notification_enable":"1","notifications":{"1":{"email":"{admin_email}","subject":"New Entry: Simple Contact Form","sender_name":"{field_id=\"0\"}","sender_address":"{admin_email}","replyto":"{field_id=\"1\"}","message":"{all_fields}"}},"confirmations":{"1":{"type":"message","message":"<p>Thanks for contacting us! We will be in touch with you shortly.<\/p>","message_scroll":"1","page":"149","redirect":""}}},"meta":{"template":"contact"}}]