{"0":false,"nav_menu_locations":{"main_menu":55,"topbar_menu":56,"footer_menu":83,"mobile_navbar":97,"mobile_menu":100,"mobile_categories":101},"custom_css_post_id":3275,"woovina_scroll_top_arrow":"fa fa-chevron-up","woovina_woo_custom_sidebar":true,"woovina_woo_shop_layout":"left-sidebar","woovina_top_bar_content":"","woovina_top_bar_social":true,"woovina_top_bar_bg":"#00af9e","woovina_top_bar_text_color":"#80d7cf","woovina_top_bar_link_color":"#80d7cf","woovina_top_bar_link_color_hover":"#ffffff","woovina_top_bar_social_profiles":{"facebook":"https:\/\/www.facebook.com\/","instagram":"https:\/\/www.instagram.com\/","googleplus":"https:\/\/google.com\/","twitter":"https:\/\/twitter.com\/","pinterest":"","rss":"https:\/\/link-rss.com"},"woovina_top_bar_style":"two","woovina_top_bar_social_right_padding":0,"woovina_top_bar_social_left_padding":0,"woovina_menu_position":"right-menu","woovina_footer_copyright_text":"\u00a9 Copyright  [woovina_date] <a href=\"https:\/\/demo.woovina.net\/niche-30\">Faster<\/a> - All Rights Reserved - Powered by <a href=\"https:\/\/woovina.com\">WooVina Theme<\/a>.","woovina_customzer_styling":"head","woovina_hover_primary_color":"#00af9e","woovina_search_layout":"full-width","woovina_main_layout_style":"wide","woovina_footer_top_padding":"0","woovina_woo_product_layout":"right-sidebar","woovina_woo_summary_elements_positioning":["title","price","rating","excerpt","meta","quantity-button"],"woovina_woo_product_ajax_add_to_cart":true,"woovina_woo_product_thumbs_layout":"horizontal","woovina_woo_product_tabs_layout":"horizontal","woovina_woo_product_meta_tabs_position":"center","woovina_woo_display_floating_bar":"off","woovina_woo_wishlist_icon":true,"woovina_woo_sale_badge_style":"square","woovina_woo_category_image":"yes","woovina_woo_product_elements_positioning":["image","title","price-rating","description","button"],"woovina_woo_product_entry_style":"featured-image","woovina_woo_pagination_style":"standard","woovina_product_top_padding":0,"woovina_product_top_border_width":0,"woovina_product_right_border_width":0,"woovina_product_bottom_border_width":0,"woovina_product_left_border_width":"0","woovina_product_top_border_radius":0,"woovina_product_right_border_radius":0,"woovina_product_bottom_border_radius":0,"woovina_product_left_border_radius":0,"woovina_product_entry_addtocart_border_style":"solid","woovina_single_product_navigation_border_radius":"1","menu_typography":{"font-size":"14px","text-transform":"uppercase","font-weight":""},"woovina_woocommerce_shop_columns":"4","body_typography":{"font-family":"Poppins","font-size":"12px","text-transform":"none","line-height":"1.8","font-weight":"400"},"woovina_menu_links_effect":"no","woovina_menu_items_padding":"15","woovina_menu_links_effect_blue_color":"#00af9e","woovina_menu_link_color_hover":"#00af9e","woovina_dropdown_menu_top_border":"#00af9e","woovina_primary_color":"#00af9e","woovina_links_color_hover":"#00af9e","woovina_breadcrumbs_position":"under-title","woovina_page_header_style":"background-image","woovina_woo_menu_icon_style":"drop_down","woovina_woo_cart_dropdown_style":"compact","woovina_woo_distraction_free_cart":false,"woovina_page_single_layout":"full-width","woovina_woocommerce_cross_sells_count":"3","woovina_woo_product_summary_width":"50","woovina_woo_product_addtocart_style":"normal","woovina_footer_bottom_padding":"0","woovina_menu_social":false,"woovina_menu_social_profiles":{"twitter":"https:\/\/twitter.com\/","facebook":"https:\/\/www.facebook.com\/","googleplus":"http:\/\/google.com\/","pinterest":""},"woovina_top_bar_top_padding":0,"woovina_top_bar_bottom_padding":0,"woovina_footer_widgets_columns":"4","woovina_blog_single_elements_positioning":["featured_image","title","meta","content","tags","social_share","next_prev","author_box","related_posts","single_comments"],"woovina_blog_entry_elements_positioning":["featured_image","title","meta","content","read_more"],"woovina_blog_pagination_style":"infinite_scroll","menu_dropdown_typography":{"text-transform":"","font-size":"12px","letter-spacing":"0"},"woovina_menu_link_color":"#ffffff","woovina_menu_link_color_active":"#00af9e","woovina_dropdown_width":"180","woovina_woo_menu_custom_icon":"","woovina_woo_menu_icon_size":14,"woovina_woo_menu_icon_center_vertically":0,"woovina_woo_menu_icon":"fa fa-shopping-cart","woovina_woo_menu_bag_style":"yes","woovina_woo_menu_bag_style_total":true,"woovina_header_height":"90","woovina_menu_social_style":"colored","woovina_main_container_width":"1170","woovina_product_entry_addtocart_border_size":"1px","woovina_product_entry_addtocart_border_radius":"1px","woovina_product_entry_addtocart_bg_color":"#00af9e","woovina_product_entry_addtocart_bg_color_hover":"#ffffff","woovina_product_entry_addtocart_color":"#ffffff","woovina_product_entry_addtocart_color_hover":"#00af9e","woovina_product_entry_addtocart_border_color":"#00af9e","woovina_product_entry_addtocart_border_color_hover":"#00af9e","woo_product_price_typography":{"color":"","font-family":"","font-size":"14px","font-weight":"600"},"woovina_woo_floating_bar_price_color":"#ffffff","woovina_blog_entry_meta":["date","author","comments"],"woovina_menu_search_style":"disabled","woovina_woo_display_cart_product_added":"no","woovina_header_style":"custom","woovina_header_template":"2060","woovina_woo_cat_widget_style":"dropdown","woovina_top_bar_social_links_color":"#80d7cf","woovina_top_bar_social_hover_links_color":"#ffffff","woovina_bottom_footer_background":"#0e0e0e","woovina_bottom_footer_color":"#999999","woovina_bottom_footer_link_color":"#ffffff","woovina_bottom_footer_top_padding":"30","woovina_bottom_footer_bottom_padding":"30","woovina_stars_color":"#f5c60d","woovina_woo_quick_view_button_hover_color":"#ffffff","woovina_single_product_price_color":"#00af9e","woovina_theme_button_border_radius":"2","woovina_theme_button_bg":"#00af9e","woovina_theme_button_hover_bg":"#ffffff","woovina_theme_button_color":"#ffffff","woovina_theme_button_top_padding":"8","woovina_theme_button_bottom_padding":0,"sidebar_widget_title_typography":{"font-size":"14px","font-weight":"500","text-transform":"uppercase","line-height":"0","color":"#444444"},"woovina_open_graph":false,"woovina_footer_background":"#ffffff","woovina_woo_shop_posts_per_page":"12","woovina_woo_cart_dropdown_link_color_hover":"#00af9e","woovina_woo_cart_dropdown_remove_link_color_hover":"#ee3333","woovina_woo_cart_dropdown_price_color":"#00af9e","woovina_woo_cart_dropdown_total_price_color":"#00af9e","blog_entry_title_typography":{"text-transform":"capitalize","font-weight":"400","color":"#444444","line-height":"1.4","font-size":"14px"},"woovina_mobile_elements_positioning":"three","woovina_mobile_menu_style":"sidebar","woovina_mobile_menu_text":"","woovina_mobile_menu_close_text":"Close","woovina_mobile_menu_open_hamburger":"collapse","woovina_mobile_menu_display_opening_text":false,"woovina_top_bar":true,"woovina_after_header_content":"","woovina_links_color":"#444444","woovina_logo_max_width":"200","woovina_woo_product_entry_content_alignment":"left","woovina_single_product_title_color":"#444444","woovina_product_entry_price_color":"#00af9e","woovina_onsale_bg":"#00af9e","woovina_footer_color":"#999999","woovina_footer_link_color_hover":"#ffffff","footer_widget_title_typography":{"color":"#ffffff","font-size":"14px","line-height":"1.8","letter-spacing":"0"},"woovina_footer_link_color":"#999999","woovina_page_header_top_padding":0,"woovina_page_header_bottom_padding":0,"woovina_page_header_background":"#f4f4f4","woovina_page_header_bg_image_overlay_opacity":"0.5","woovina_page_header_bg_image_overlay_color":"rgba(255,255,255,0)","woovina_page_header_bg_image":"https:\/\/niche-30.woovinafree.com\/wp-content\/uploads\/2019\/04\/bg-title-h300.png","woovina_page_header_bg_image_position":"initial","woovina_breadcrumbs_text_color":"#444444","woovina_breadcrumbs_seperator_color":"#444444","woovina_breadcrumbs_link_color":"#444444","woovina_breadcrumbs_link_color_hover":"#00af9e","page_title_typography":{"font-weight":"700","font-size":"30px","letter-spacing":"5","text-transform":"uppercase","line-height":"1.8"},"blog_post_title_typography":{"font-size":"18px","font-weight":"400","color":"#292929","line-height":1.8000000000000000444089209850062616169452667236328125,"letter-spacing":"0.5","text-transform":"uppercase"},"woovina_mobile_header_height":"50","woovina_error_page_template":"1928","woovina_error_page_blank":"on","woovina_retina_logo":"","woovina_bottom_footer_link_color_hover":"#00af9e","woovina_menu_social_font_size":"10","woovina_menu_social_left_margin":"10","woovina_page_header_bg_image_height":"250","woovina_blog_style":"grid-entry","woovina_blog_grid_style":"fit-rows","woovina_blog_grid_equal_heights":false,"woovina_blog_archives_layout":"right-sidebar","woovina_blog_grid_columns":"2","woovina_blog_single_featured_image_title":false,"woovina_blog_single_title_bg_image_height":"300","woovina_blog_single_title_bg_image_overlay_opacity":"0.1","woovina_blog_single_title_bg_image_size":"cover","woovina_menu_search_source":"product","woovina_scroll_top_border_radius":"2","woovina_scroll_top_bg":"#00af9e","woovina_scroll_top_bg_hover":"#00877a","woovina_scroll_top_size":"35","woovina_mobile_menu_sidr_direction":"left","woovina_footer_mobile_top_padding":"0","woovina_footer_mobile_right_padding":"0","woovina_footer_mobile_bottom_padding":"0","woovina_footer_mobile_left_padding":"0","woovina_bottom_footer_mobile_top_padding":"20","woovina_bottom_footer_mobile_bottom_padding":"20","woovina_css_file":"niche-30.css","sidebars_widgets":{"time":1557374625,"data":{"wp_inactive_widgets":["woocommerce_layered_nav_filters-3","woovina_flickr-2","woovina_social-2","media_image-1","media_image-2","woocommerce_product_categories-1","woocommerce_price_filter-1","woocommerce_product_tag_cloud-1","woocommerce_rating_filter-1"],"sidebar":["search-4","recent-posts-2","recent-comments-2"],"sidebar-2":[],"search_sidebar":[],"footer-one":["woovina_contact_info-1"],"footer-two":["woovina_custom_links-1"],"footer-three":["woovina_custom_links-2"],"footer-four":["woovina_mailchimp-1"],"woo_sidebar":["woocommerce_product_categories-2","woocommerce_price_filter-2","woocommerce_layered_nav-1","woocommerce_layered_nav-2","woocommerce_top_rated_products-1"],"wvn_off_canvas_sidebar":["woocommerce_product_categories-4","woocommerce_price_filter-4","woocommerce_top_rated_products-3"],"wcs-product-main-menu":["woocommerce_top_rated_products-2"]}},"woovina_add_custom_header_container":true,"woovina_has_header_border_bottom":false,"woovina_menu_link_hover_background":"","woovina_menu_link_active_background":"","woovina_top_bar_border_color":"#33bfb1","woovina_top_bar_right_padding":0,"woovina_top_bar_left_padding":0,"woovina_top_bar_social_font_size":"12","headings_typography":{"font-family":"Poppins","text-transform":"uppercase","color":"#444444","font-weight":"400","line-height":"1.8"},"heading_h1_typography":{"font-size":"14px","color":"#444444","line-height":"1.8"},"heading_h2_typography":{"font-size":"14px","color":"#444444","line-height":"1.8"},"heading_h3_typography":{"font-size":"14px","color":"#444444","line-height":"1.8"},"heading_h4_typography":{"font-size":"14px","color":"#444444","line-height":"1.8"},"mobile_menu_dropdown_typography":{"font-size":"14"},"page_subheading_typography":{"font-size":"18px","color":"#00af9e"},"breadcrumbs_typography":{"font-size":"14"},"woovina_woo_cart_dropdown_link_color":"#ffffff","woovina_outofstock_bg":"#202020","woovina_toolbar_off_canvas_filter_hover_color":"#00af9e","woovina_toolbar_off_canvas_filter_hover_border_color":"#00af9e","woovina_toolbar_grid_list_hover_color":"#00af9e","woovina_toolbar_grid_list_active_color":"#00af9e","woovina_toolbar_select_border_color":"#ececec","woovina_toolbar_number_of_products_color":"#00af9e","woovina_toolbar_number_of_products_border_color":"#ececec","woovina_category_color":"#444444","woovina_category_color_hover":"#00af9e","woovina_product_title_color":"#444444","woovina_product_title_color_hover":"#00af9e","woovina_product_entry_del_price_color":"#777777","woovina_woo_quick_view_button_bg":"#ffffff","woovina_woo_quick_view_button_hover_bg":"#00af9e","woovina_woo_quick_view_button_color":"#999999","woovina_single_product_del_price_color":"#999999","woovina_single_product_description_color":"#777777","woovina_quantity_border_color":"#ececec","woovina_quantity_plus_minus_border_color_hover":"#ececec","woovina_single_product_meta_title_color":"#444444","woovina_single_product_meta_link_color":"#777777","woovina_single_product_navigation_hover_bg":"#00af9e","woovina_single_product_navigation_color":"#777777","woovina_single_product_navigation_border_color":"#ececec","woovina_single_product_navigation_hover_border_color":"#00af9e","woovina_single_product_tabs_borders_color":"#ececec","woovina_single_product_tabs_text_color_hover":"#00af9e","woovina_single_product_tabs_active_text_color":"#00af9e","woovina_single_product_tabs_active_text_borders_color":"#00af9e","woovina_single_product_tabs_product_description_title_color":"#444444","woovina_single_product_tabs_product_description_color":"#777777","woovina_woo_floating_bar_addtocart_color":"#ffffff","woovina_woo_floating_bar_addtocart_hover_color":"#00af9e","woovina_woo_floating_bar_addtocart_bg":"#00af9e","woovina_woo_floating_bar_addtocart_hover_bg":"#ffffff","woovina_woo_product_image_width":"48","woovina_woo_off_canvas_filter":true,"woovina_woo_cart_dropdown_subtotal_color":"#777777","woovina_woo_mobile_cart_sidebar_close_button_color":"#202020","woovina_woo_menu_bag_icon_color":"#ffffff","woovina_woo_menu_bag_icon_hover_color":"#ffffff","woovina_woo_menu_bag_icon_count_color":"#ffffff","woovina_woo_menu_bag_icon_hover_count_color":"#00af9e","woovina_main_border_color":"#ececec","woovina_page_header_bg_image_repeat":"no-repeat","woovina_page_header_bg_image_size":"initial","woovina_page_header_bg_title_breadcrumb_position":"center","woo_product_title_typography":{"font-size":"14px","letter-spacing":"0","color":"#444444","line-height":"1.8"},"woo_product_add_to_cart_typography":{"font-weight":"400","letter-spacing":"0"},"woovina_add_footer_container":false,"woovina_footer_right_padding":"0","woovina_footer_left_padding":"0","woovina_footer_borders":"#ffffff","woovina_footer_bottom":false,"woovina_footer_widgets_template":"2410","woovina_woo_quick_view":true,"woovina_scroll_top_icon_size":"14","woovina_theme_button_right_padding":"15","woovina_theme_button_left_padding":"15","woovina_theme_button_hover_color":"#00af9e","woovina_label_color":"#666666","woovina_input_left_border_width":"1","woovina_input_border_radius":"2","woovina_input_border_color":"#d6d6d6","woovina_input_border_color_focus":"#00af9e","woovina_input_color":"#444444","woovina_widgets_bg":"","woovina_widgets_margin_bottom":"","woovina_widgets_titles_border_color":"#d6d6d6","woovina_widgets_titles_margin_bottom":"20","woovina_sidebar_bg":"","woovina_product_image_right_margin":0,"woovina_product_image_bottom_margin":0,"woovina_product_border_color":"","woovina_woo_catalog_view":"grid","woovina_woo_sale_badge_content":"sale","woovina_woo_shop_sort":true,"woovina_mobile_menu_open_hamburger_color":"#ffffff","woovina_menu_link_background":"","woovina_header_background":"#00af9e","woovina_woocommerce_tablet_shop_columns":"3","woovina_woocommerce_mobile_shop_columns":1,"woovina_woocommerce_upsells_count":"4","woovina_woocommerce_upsells_columns":"4","woovina_woocommerce_related_count":"4","woovina_woocommerce_related_columns":"4","woovina_top_bar_visibility":"all-devices","woovina_mobile_menu_close_btn_text":"Quick Navigation","woovina_woocommerce_display_navigation":true,"custom_logo":3069,"woovina_woo_floating_bar_bg":"#202020","woovina_toolbar_border_color":"#eaeaea","woovina_single_product_meta_link_color_hover":"#00af9e","woovina_account_navigation_icons_color":"#00af9e","woovina_account_navigation_links_color_hover":"#00af9e","woovina_checkout_notices_link_color":"#00af9e","woovina_page_header_bg_image_attachment":"initial","woovina_mobile_menu_close_btn":true,"wpl_popup_login_position":"manual","wwp_popup_checkmark_bg":"#00af9e","wwp_popup_continue_btn_color":"#00af9e","wwp_popup_continue_btn_border_color":"#00af9e","wwp_popup_continue_btn_hover_bg":"#00af9e","wwp_popup_continue_btn_hover_border_color":"#00af9e","wwp_popup_cart_btn_bg":"#00af9e","wwp_popup_cart_btn_color":"#ffffff","wwp_popup_cart_btn_border_color":"#00af9e","wwp_popup_cart_btn_hover_bg":"#009788","wwp_popup_cart_btn_hover_border_color":"#009788","woovina_dropdown_menu_link_color_hover":"#00af9e","wpl_popup_login_style_top_radius":"3","wpl_popup_login_style_right_radius":"3","wpl_popup_login_style_bottom_radius":"3","wpl_popup_login_style_left_radius":"3","woovina_woo_cart_dropdown_cart_button_bg":"#ffffff","woovina_woo_cart_dropdown_cart_button_hover_bg":"#00af9e","woovina_woo_cart_dropdown_cart_button_color":"#00af9e","woovina_woo_cart_dropdown_cart_button_hover_color":"#ffffff","woovina_woo_cart_dropdown_cart_button_border_color":"#00af9e","woovina_woo_cart_dropdown_cart_button_hover_border_color":"#00af9e","woovina_mobile_menu_sidr_dropdown_target":"icon","woovina_woo_quick_view_gallery":"gallery-scroller","woovina_top_bar_social_target":"self","woovina_woo_empty_star":true,"page_title_tablet_typography":{"font-size":"25px"},"page_title_mobile_typography":{"font-size":"20px"},"wwp_popup_top_radius":"0","wwp_popup_right_radius":"0","wwp_popup_bottom_radius":"0","wwp_popup_left_radius":"0","wwp_popup_tablet_top_radius":"0","wwp_popup_tablet_right_radius":"0","wwp_popup_tablet_bottom_radius":"0","wwp_popup_tablet_left_radius":"0","wwp_popup_mobile_top_radius":"0","wwp_popup_mobile_right_radius":"0","wwp_popup_mobile_bottom_radius":"0","wwp_popup_mobile_left_radius":"0"}